metric,value
msd_input_rows,10000
msd_in_window_candidates,3785
canonical_msd_duplicate_rows,51
positive_rows_feature_matched,99
negative_rows_after_overlap_removal,99
final_rows,198
final_hit_rows,99
final_non_hit_rows,99
conflicting_label_identities,0
missing::track_id,0
missing::song_id,0
missing::title,0
missing::artist_name,0
missing::artist_key,0
missing::title_key,0
missing::canonical_key,0
missing::year,0
missing::duration,0
missing::tempo,0
missing::loudness,0
missing::reference_date,0
missing::hit,0
missing::source,0
missing::match_method,0
missing::match_score,99
missing::artist_score,0
year::1990,1
year::1991,5
year::1992,9
year::1993,11
year::1994,6
year::1995,5
year::1996,5
year::1997,6
year::1998,7
year::1999,7
year::2000,10
year::2001,8
year::2002,11
year::2003,13
year::2004,19
year::2005,14
year::2006,17
year::2007,12
year::2008,15
year::2009,15
year::2010,2
