track_id,artist_name,title,artist_key,title_key,match_method,match_score,duplicate_status,resolution
TRAXJHG128F427EA02,3 Doors Down,Be Like That,3 doors down,be like that,exact_overlap,100.0,billboard_hit,removed_from_negative_pool
TRBDWDQ128F1455787,3 Doors Down,Here Without You,3 doors down,here without you,exact_overlap,100.0,billboard_hit,removed_from_negative_pool
TRAIBXJ128F4260700,A Tribe Called Quest,Scenario,a tribe called quest,scenario,exact_overlap,100.0,billboard_hit,removed_from_negative_pool
TRAZDPO128E078ECE6,Aerosmith,Crazy,aerosmith,crazy,exact_overlap,100.0,billboard_hit,removed_from_negative_pool
TRAYKOC128F930D2B8,Aerosmith,Cryin',aerosmith,cryin,exact_overlap,100.0,billboard_hit,removed_from_negative_pool
TRAQPKV128E078EE32,Aerosmith,Livin' On The Edge,aerosmith,livin on the edge,exact_overlap,100.0,billboard_hit,removed_from_negative_pool
TRAPTOE128F4272000,Akon,Don't Matter,akon,dont matter,exact_overlap,100.0,billboard_hit,removed_from_negative_pool
TRAZHUK128E0789114,Akon,Lonely,akon,lonely,exact_overlap,100.0,billboard_hit,removed_from_negative_pool
TRASBVS12903CF4537,Alicia Keys,If I Ain't Got You,alicia keys,if i aint got you,exact_overlap,100.0,billboard_hit,removed_from_negative_pool
TRBGJDW128F4292EDB,Alicia Keys,Karma,alicia keys,karma,exact_overlap,100.0,billboard_hit,removed_from_negative_pool
TRBAFJQ128F4259FB5,Annie Lennox,Little Bird,annie lennox,little bird,exact_overlap,100.0,billboard_hit,removed_from_negative_pool
TRABAFJ128F42AF24E,Backstreet Boys,Larger Than Life,backstreet boys,larger than life,exact_overlap,100.0,billboard_hit,removed_from_negative_pool
TRAIVZI128F42642DE,Backstreet Boys,Shape Of My Heart,backstreet boys,shape of my heart,exact_overlap,100.0,billboard_hit,removed_from_negative_pool
TRAINIF128F426416B,Backstreet Boys,The Call,backstreet boys,the call,exact_overlap,100.0,billboard_hit,removed_from_negative_pool
TRAJVHI128F930EFAF,Beyoncé,Ring The Alarm,beyonce,ring the alarm,exact_overlap,100.0,billboard_hit,removed_from_negative_pool
TRAPZTV128F92CAA4E,Beyoncé,Single Ladies (Put A Ring On It),beyonce,single ladies put a ring on it,exact_overlap,100.0,billboard_hit,removed_from_negative_pool
TRAUYZG12903CDA4E9,Bon Jovi,This Ain't A Love Song,bon jovi,this aint a love song,exact_overlap,100.0,billboard_hit,removed_from_negative_pool
TRAPLBK128F930FDB4,Boyz II Men,Motownphilly,boyz ii men,motownphilly,exact_overlap,100.0,billboard_hit,removed_from_negative_pool
TRAAIHL128F92E6DDA,Boyz II Men,On Bended Knee,boyz ii men,on bended knee,exact_overlap,100.0,billboard_hit,removed_from_negative_pool
TRARSKA128F9336A04,Britney Spears,3,britney spears,3,exact_overlap,100.0,billboard_hit,removed_from_negative_pool
TRAODGF128F92F3FF9,Britney Spears,Break The Ice,britney spears,break the ice,exact_overlap,100.0,billboard_hit,removed_from_negative_pool
TRAECBR128F429F8C0,Britney Spears,Everytime,britney spears,everytime,exact_overlap,100.0,billboard_hit,removed_from_negative_pool
TRBAUVN128F932FEF8,Britney Spears,Oops!...I Did It Again,britney spears,oopsi did it again,exact_overlap,100.0,billboard_hit,removed_from_negative_pool
TRBAZFD12903CB641D,Brooke White,Hold Up My Heart,brooke white,hold up my heart,exact_overlap,100.0,billboard_hit,removed_from_negative_pool
TRAENGY128F4272846,Buddy Jewell,Sweet Southern Comfort,buddy jewell,sweet southern comfort,exact_overlap,100.0,billboard_hit,removed_from_negative_pool
TRBCIRO128F42B0277,Christina Aguilera,Beautiful,christina aguilera,beautiful,exact_overlap,100.0,billboard_hit,removed_from_negative_pool
TRBBDAH128F92E625E,City High,What Would You Do?,city high,what would you do,exact_overlap,100.0,billboard_hit,removed_from_negative_pool
TRASHZB128E0791E81,Dave Hollister,One Woman Man,dave hollister,one woman man,exact_overlap,100.0,billboard_hit,removed_from_negative_pool
TRAKXMS12903CB36F2,DAVE MATTHEWS BAND,The Space Between,dave matthews band,the space between,exact_overlap,100.0,billboard_hit,removed_from_negative_pool
TRAIPST128F9302AE9,Eminem,Beautiful,eminem,beautiful,exact_overlap,100.0,billboard_hit,removed_from_negative_pool
TRAFQFM128E078EC97,Eminem,The Way I Am,eminem,the way i am,exact_overlap,100.0,billboard_hit,removed_from_negative_pool
TRAKTZY128F148C55C,Erick Sermon,Stay Real,erick sermon,stay real,exact_overlap,100.0,billboard_hit,removed_from_negative_pool
TRBBSGI128F9309855,Fall Out Boy,America's Suitehearts,fall out boy,americas suitehearts,exact_overlap,100.0,billboard_hit,removed_from_negative_pool
TRAGNBQ128F149CB93,Fall Out Boy,The Carpal Tunnel Of Love,fall out boy,the carpal tunnel of love,exact_overlap,100.0,billboard_hit,removed_from_negative_pool
TRBHEVR128F4263CE0,Firehouse,Don't Treat Me Bad,firehouse,dont treat me bad,exact_overlap,100.0,billboard_hit,removed_from_negative_pool
TRAZASM128F932FBEE,Franz Ferdinand,Do You Want To,franz ferdinand,do you want to,exact_overlap,100.0,billboard_hit,removed_from_negative_pool
TRAGAPY128F92F5DDE,George Michael,Praying For Time,george michael,praying for time,exact_overlap,100.0,billboard_hit,removed_from_negative_pool
TRBGNCL128F428F56F,Gwen Stefani,4 In The Morning,gwen stefani,4 in the morning,exact_overlap,100.0,billboard_hit,removed_from_negative_pool
TRAXVGE128E0783F1D,Gwen Stefani,What You Waiting For?,gwen stefani,what you waiting for,exact_overlap,100.0,billboard_hit,removed_from_negative_pool
TRBGRXO128F4282115,Howie Day,Collide,howie day,collide,exact_overlap,100.0,billboard_hit,removed_from_negative_pool
TRAEUIW12903D018F0,Jack Johnson,You And Your Heart,jack johnson,you and your heart,exact_overlap,100.0,billboard_hit,removed_from_negative_pool
TRANIVG128F1484DED,Janet Jackson,Again,janet jackson,again,exact_overlap,100.0,billboard_hit,removed_from_negative_pool
TRAUWRW128F9358C69,Jay-Z,Change Clothes,jayz,change clothes,exact_overlap,100.0,billboard_hit,removed_from_negative_pool
TRATJSR128F4266791,Jennifer Lopez featuring Ja Rule,I'm Real,jennifer lopez featuring ja rule,im real,exact_overlap,100.0,billboard_hit,removed_from_negative_pool
TRBGASN128F427BF8F,Jennifer Lopez,I'm Glad,jennifer lopez,im glad,exact_overlap,100.0,billboard_hit,removed_from_negative_pool
TRALJBT128F4266FD8,Jennifer Lopez,Play,jennifer lopez,play,exact_overlap,100.0,billboard_hit,removed_from_negative_pool
TRAPDCB128F42824A6,Jessica Simpson,Take My Breath Away,jessica simpson,take my breath away,exact_overlap,100.0,billboard_hit,removed_from_negative_pool
TRAXWLM128F1453E3B,Juelz Santana,There It Go (The Whistle Song),juelz santana,there it go the whistle song,exact_overlap,100.0,billboard_hit,removed_from_negative_pool
TRANNZZ128F92C22F7,Justin Timberlake,What Goes Around...Comes Around,justin timberlake,what goes aroundcomes around,exact_overlap,100.0,billboard_hit,removed_from_negative_pool
TRBIEIZ128F148D778,Kanye West,Diamonds From Sierra Leone,kanye west,diamonds from sierra leone,exact_overlap,100.0,billboard_hit,removed_from_negative_pool
TRADMUH128F146D3CD,Kanye West,Through The Wire,kanye west,through the wire,exact_overlap,100.0,billboard_hit,removed_from_negative_pool
TRACAKD128F92D5D38,Kelly Clarkson,My Life Would Suck Without You,kelly clarkson,my life would suck without you,exact_overlap,100.0,billboard_hit,removed_from_negative_pool
TRALMBM128F92EAA15,Kelly Clarkson,Never Again,kelly clarkson,never again,exact_overlap,100.0,billboard_hit,removed_from_negative_pool
TRAZWGK128F93141E3,Lady GaGa,Poker Face,lady gaga,poker face,exact_overlap,100.0,billboard_hit,removed_from_negative_pool
TRAVJHK128E078370B,LL Cool J,Headsprung,ll cool j,headsprung,exact_overlap,100.0,billboard_hit,removed_from_negative_pool
TRAJXQL128F428CAF0,Los Del Rio,Macarena,los del rio,macarena,exact_overlap,100.0,billboard_hit,removed_from_negative_pool
TRBDOFA128F427C09D,Mariah Carey,Anytime You Need A Friend,mariah carey,anytime you need a friend,exact_overlap,100.0,billboard_hit,removed_from_negative_pool
TRBBXSE128F42798F6,Mariah Carey,Honey,mariah carey,honey,exact_overlap,100.0,billboard_hit,removed_from_negative_pool
TRAVANT128F92E3F71,Mariah Carey,Someday,mariah carey,someday,exact_overlap,100.0,billboard_hit,removed_from_negative_pool
TRBECNW128F426BE82,Mariah Carey,Touch My Body,mariah carey,touch my body,exact_overlap,100.0,billboard_hit,removed_from_negative_pool
TRATKVY128EF35F97A,Maroon 5,Harder To Breathe,maroon 5,harder to breathe,exact_overlap,100.0,billboard_hit,removed_from_negative_pool
TRBAMHJ128F9302A08,Maroon 5,She Will Be Loved,maroon 5,she will be loved,exact_overlap,100.0,billboard_hit,removed_from_negative_pool
TRAZOSB128F9302A07,Maroon 5,This Love,maroon 5,this love,exact_overlap,100.0,billboard_hit,removed_from_negative_pool
TRAWULX128F4291255,Martina McBride,God's Will,martina mcbride,gods will,exact_overlap,100.0,billboard_hit,removed_from_negative_pool
TRAAJYX128F4255568,Maxi Priest,Groovin' In The Midnight,maxi priest,groovin in the midnight,exact_overlap,100.0,billboard_hit,removed_from_negative_pool
TRAWGXD128F428A36B,Mindy McCready,Guys Do It All The Time,mindy mccready,guys do it all the time,exact_overlap,100.0,billboard_hit,removed_from_negative_pool
TRADODV128F4283EB6,Mobb Deep,Got It Twisted,mobb deep,got it twisted,exact_overlap,100.0,billboard_hit,removed_from_negative_pool
TRAWFTQ12903CAC1FA,Natasha Bedingfield,These Words,natasha bedingfield,these words,exact_overlap,100.0,billboard_hit,removed_from_negative_pool
TRBASRX12903C9FDA8,Nickelback,Savin' Me,nickelback,savin me,exact_overlap,100.0,billboard_hit,removed_from_negative_pool
TRAILFA128EF349FE5,Nine Inch Nails,Survivalism,nine inch nails,survivalism,exact_overlap,100.0,billboard_hit,removed_from_negative_pool
TRARQSD128F427E2AA,Pearl Jam,Wishlist,pearl jam,wishlist,exact_overlap,100.0,billboard_hit,removed_from_negative_pool
TRBGRIP128F147FCA6,Phil Collins,Everyday,phil collins,everyday,exact_overlap,100.0,billboard_hit,removed_from_negative_pool
TRBBOUN128F425A4E6,Rick Astley,Hopelessly,rick astley,hopelessly,exact_overlap,100.0,billboard_hit,removed_from_negative_pool
TRBECBM128F426AA34,Ricky Martin,She's All I Ever Had,ricky martin,shes all i ever had,exact_overlap,100.0,billboard_hit,removed_from_negative_pool
TRADDXS12903CEDB38,Rihanna,Don't Stop The Music,rihanna,dont stop the music,exact_overlap,100.0,billboard_hit,removed_from_negative_pool
TRANZLM128F92F741E,Rihanna,SOS,rihanna,sos,exact_overlap,100.0,billboard_hit,removed_from_negative_pool
TRAHEEY128F9335ECD,Sean Kingston,Face Drop,sean kingston,face drop,exact_overlap,100.0,billboard_hit,removed_from_negative_pool
TRBAHID128F4278EAF,Shakira,Objection (Tango),shakira,objection tango,exact_overlap,100.0,billboard_hit,removed_from_negative_pool
TRADNZM128F9300DF3,Shawn Colvin,Sunny Came Home,shawn colvin,sunny came home,exact_overlap,100.0,billboard_hit,removed_from_negative_pool
TRAEZLQ128F427F954,Snow Patrol,Chasing Cars,snow patrol,chasing cars,exact_overlap,100.0,billboard_hit,removed_from_negative_pool
TRALIEV128F92DE23C,Taylor Swift,Should've Said No,taylor swift,shouldve said no,exact_overlap,100.0,billboard_hit,removed_from_negative_pool
TRANHYE128F92DE232,Taylor Swift,The Way I Loved You,taylor swift,the way i loved you,exact_overlap,100.0,billboard_hit,removed_from_negative_pool
TRAYSMO128F9318E7C,The Fray,Absolute,the fray,absolute,exact_overlap,100.0,billboard_hit,removed_from_negative_pool
TRAYUXO12903C99CBF,The Fray,You Found Me,the fray,you found me,exact_overlap,100.0,billboard_hit,removed_from_negative_pool
TRAARHS128F931689D,The Killers,Spaceman,the killers,spaceman,exact_overlap,100.0,billboard_hit,removed_from_negative_pool
TRAOGAZ128F42B7FFC,The Killers,When You Were Young,the killers,when you were young,exact_overlap,100.0,billboard_hit,removed_from_negative_pool
TRBDCAH128EF362D31,The Pharcyde,Passin' Me By,the pharcyde,passin me by,exact_overlap,100.0,billboard_hit,removed_from_negative_pool
TRBGCAK128F425F3CC,The Prodigy,Firestarter,the prodigy,firestarter,exact_overlap,100.0,billboard_hit,removed_from_negative_pool
TRBHLDQ128F423EF10,The White Stripes,Blue Orchid,the white stripes,blue orchid,exact_overlap,100.0,billboard_hit,removed_from_negative_pool
TRAWPNC128F92EAA90,Toby Love featuring Rakim & Ken-Y,Tengo Un Amor,toby love featuring rakim keny,tengo un amor,exact_overlap,100.0,billboard_hit,removed_from_negative_pool
TRAJBGL128F145C7A8,Tom Cochrane,Washed Away,tom cochrane,washed away,exact_overlap,100.0,billboard_hit,removed_from_negative_pool
TRAMFJR128F92C1DB1,Toni Braxton,He Wasn't Man Enough,toni braxton,he wasnt man enough,exact_overlap,100.0,billboard_hit,removed_from_negative_pool
TRAZWGV128F425DA7C,Tracy Byrd,Just Let Me Be In Love,tracy byrd,just let me be in love,exact_overlap,100.0,billboard_hit,removed_from_negative_pool
TRAUCZX128F149D9AE,Tracy Byrd,Walking To Jerusalem,tracy byrd,walking to jerusalem,exact_overlap,100.0,billboard_hit,removed_from_negative_pool
TRALZBP128F4263E1A,Ty Herndon,A Man Holdin' On (To A Woman Lettin' Go),ty herndon,a man holdin on to a woman lettin go,exact_overlap,100.0,billboard_hit,removed_from_negative_pool
TRAEWXY128E0786183,U2,Vertigo,u2,vertigo,exact_overlap,100.0,billboard_hit,removed_from_negative_pool
TRAOGHG12903CA3B89,Usher,Moving Mountains,usher,moving mountains,exact_overlap,100.0,billboard_hit,removed_from_negative_pool
TRAJRIT128F92F4352,Usher,Trading Places,usher,trading places,exact_overlap,100.0,billboard_hit,removed_from_negative_pool
TRAUKYS128F14636CB,Wet Wet Wet,Love Is All Around,wet wet wet,love is all around,exact_overlap,100.0,billboard_hit,removed_from_negative_pool
TRAXJHG128F427EA02,3 Doors Down,Be Like That,3 doors down,be like that,exact,100.0,positive_feature_matched,included_as_positive
TRBDWDQ128F1455787,3 Doors Down,Here Without You,3 doors down,here without you,exact,100.0,positive_feature_matched,included_as_positive
TRAIBXJ128F4260700,A Tribe Called Quest,Scenario,a tribe called quest,scenario,exact,100.0,positive_feature_matched,included_as_positive
TRAZDPO128E078ECE6,Aerosmith,Crazy,aerosmith,crazy,exact,100.0,positive_feature_matched,included_as_positive
TRAYKOC128F930D2B8,Aerosmith,Cryin',aerosmith,cryin,exact,100.0,positive_feature_matched,included_as_positive
TRAQPKV128E078EE32,Aerosmith,Livin' On The Edge,aerosmith,livin on the edge,exact,100.0,positive_feature_matched,included_as_positive
TRAPTOE128F4272000,Akon,Don't Matter,akon,dont matter,exact,100.0,positive_feature_matched,included_as_positive
TRAZHUK128E0789114,Akon,Lonely,akon,lonely,exact,100.0,positive_feature_matched,included_as_positive
TRASBVS12903CF4537,Alicia Keys,If I Ain't Got You,alicia keys,if i aint got you,exact,100.0,positive_feature_matched,included_as_positive
TRBGJDW128F4292EDB,Alicia Keys,Karma,alicia keys,karma,exact,100.0,positive_feature_matched,included_as_positive
TRBAFJQ128F4259FB5,Annie Lennox,Little Bird,annie lennox,little bird,exact,100.0,positive_feature_matched,included_as_positive
TRABAFJ128F42AF24E,Backstreet Boys,Larger Than Life,backstreet boys,larger than life,exact,100.0,positive_feature_matched,included_as_positive
TRAIVZI128F42642DE,Backstreet Boys,Shape Of My Heart,backstreet boys,shape of my heart,exact,100.0,positive_feature_matched,included_as_positive
TRAINIF128F426416B,Backstreet Boys,The Call,backstreet boys,the call,exact,100.0,positive_feature_matched,included_as_positive
TRAJVHI128F930EFAF,Beyoncé,Ring The Alarm,beyonce,ring the alarm,exact,100.0,positive_feature_matched,included_as_positive
TRAPZTV128F92CAA4E,Beyoncé,Single Ladies (Put A Ring On It),beyonce,single ladies put a ring on it,exact,100.0,positive_feature_matched,included_as_positive
TRAUYZG12903CDA4E9,Bon Jovi,This Ain't A Love Song,bon jovi,this aint a love song,exact,100.0,positive_feature_matched,included_as_positive
TRAPLBK128F930FDB4,Boyz II Men,Motownphilly,boyz ii men,motownphilly,exact,100.0,positive_feature_matched,included_as_positive
TRAAIHL128F92E6DDA,Boyz II Men,On Bended Knee,boyz ii men,on bended knee,exact,100.0,positive_feature_matched,included_as_positive
TRARSKA128F9336A04,Britney Spears,3,britney spears,3,exact,100.0,positive_feature_matched,included_as_positive
TRAODGF128F92F3FF9,Britney Spears,Break The Ice,britney spears,break the ice,exact,100.0,positive_feature_matched,included_as_positive
TRAECBR128F429F8C0,Britney Spears,Everytime,britney spears,everytime,exact,100.0,positive_feature_matched,included_as_positive
TRBAUVN128F932FEF8,Britney Spears,Oops!...I Did It Again,britney spears,oopsi did it again,exact,100.0,positive_feature_matched,included_as_positive
TRBAZFD12903CB641D,Brooke White,Hold Up My Heart,brooke white,hold up my heart,exact,100.0,positive_feature_matched,included_as_positive
TRAENGY128F4272846,Buddy Jewell,Sweet Southern Comfort,buddy jewell,sweet southern comfort,exact,100.0,positive_feature_matched,included_as_positive
TRBCIRO128F42B0277,Christina Aguilera,Beautiful,christina aguilera,beautiful,exact,100.0,positive_feature_matched,included_as_positive
TRBBDAH128F92E625E,City High,What Would You Do?,city high,what would you do,exact,100.0,positive_feature_matched,included_as_positive
TRASHZB128E0791E81,Dave Hollister,One Woman Man,dave hollister,one woman man,exact,100.0,positive_feature_matched,included_as_positive
TRAKXMS12903CB36F2,DAVE MATTHEWS BAND,The Space Between,dave matthews band,the space between,exact,100.0,positive_feature_matched,included_as_positive
TRAIPST128F9302AE9,Eminem,Beautiful,eminem,beautiful,exact,100.0,positive_feature_matched,included_as_positive
TRAFQFM128E078EC97,Eminem,The Way I Am,eminem,the way i am,exact,100.0,positive_feature_matched,included_as_positive
TRAKTZY128F148C55C,Erick Sermon,Stay Real,erick sermon,stay real,exact,100.0,positive_feature_matched,included_as_positive
TRBBSGI128F9309855,Fall Out Boy,America's Suitehearts,fall out boy,americas suitehearts,exact,100.0,positive_feature_matched,included_as_positive
TRAGNBQ128F149CB93,Fall Out Boy,The Carpal Tunnel Of Love,fall out boy,the carpal tunnel of love,exact,100.0,positive_feature_matched,included_as_positive
TRBHEVR128F4263CE0,Firehouse,Don't Treat Me Bad,firehouse,dont treat me bad,exact,100.0,positive_feature_matched,included_as_positive
TRAZASM128F932FBEE,Franz Ferdinand,Do You Want To,franz ferdinand,do you want to,exact,100.0,positive_feature_matched,included_as_positive
TRAGAPY128F92F5DDE,George Michael,Praying For Time,george michael,praying for time,exact,100.0,positive_feature_matched,included_as_positive
TRBGNCL128F428F56F,Gwen Stefani,4 In The Morning,gwen stefani,4 in the morning,exact,100.0,positive_feature_matched,included_as_positive
TRAXVGE128E0783F1D,Gwen Stefani,What You Waiting For?,gwen stefani,what you waiting for,exact,100.0,positive_feature_matched,included_as_positive
TRBGRXO128F4282115,Howie Day,Collide,howie day,collide,exact,100.0,positive_feature_matched,included_as_positive
TRAEUIW12903D018F0,Jack Johnson,You And Your Heart,jack johnson,you and your heart,exact,100.0,positive_feature_matched,included_as_positive
TRANIVG128F1484DED,Janet Jackson,Again,janet jackson,again,exact,100.0,positive_feature_matched,included_as_positive
TRAUWRW128F9358C69,Jay-Z,Change Clothes,jayz,change clothes,exact,100.0,positive_feature_matched,included_as_positive
TRATJSR128F4266791,Jennifer Lopez featuring Ja Rule,I'm Real,jennifer lopez featuring ja rule,im real,exact,100.0,positive_feature_matched,included_as_positive
TRBGASN128F427BF8F,Jennifer Lopez,I'm Glad,jennifer lopez,im glad,exact,100.0,positive_feature_matched,included_as_positive
TRALJBT128F4266FD8,Jennifer Lopez,Play,jennifer lopez,play,exact,100.0,positive_feature_matched,included_as_positive
TRAPDCB128F42824A6,Jessica Simpson,Take My Breath Away,jessica simpson,take my breath away,exact,100.0,positive_feature_matched,included_as_positive
TRAXWLM128F1453E3B,Juelz Santana,There It Go (The Whistle Song),juelz santana,there it go the whistle song,exact,100.0,positive_feature_matched,included_as_positive
TRANNZZ128F92C22F7,Justin Timberlake,What Goes Around...Comes Around,justin timberlake,what goes aroundcomes around,exact,100.0,positive_feature_matched,included_as_positive
TRBIEIZ128F148D778,Kanye West,Diamonds From Sierra Leone,kanye west,diamonds from sierra leone,exact,100.0,positive_feature_matched,included_as_positive
TRADMUH128F146D3CD,Kanye West,Through The Wire,kanye west,through the wire,exact,100.0,positive_feature_matched,included_as_positive
TRACAKD128F92D5D38,Kelly Clarkson,My Life Would Suck Without You,kelly clarkson,my life would suck without you,exact,100.0,positive_feature_matched,included_as_positive
TRALMBM128F92EAA15,Kelly Clarkson,Never Again,kelly clarkson,never again,exact,100.0,positive_feature_matched,included_as_positive
TRAZWGK128F93141E3,Lady GaGa,Poker Face,lady gaga,poker face,exact,100.0,positive_feature_matched,included_as_positive
TRAVJHK128E078370B,LL Cool J,Headsprung,ll cool j,headsprung,exact,100.0,positive_feature_matched,included_as_positive
TRAJXQL128F428CAF0,Los Del Rio,Macarena,los del rio,macarena,exact,100.0,positive_feature_matched,included_as_positive
TRBDOFA128F427C09D,Mariah Carey,Anytime You Need A Friend,mariah carey,anytime you need a friend,exact,100.0,positive_feature_matched,included_as_positive
TRBBXSE128F42798F6,Mariah Carey,Honey,mariah carey,honey,exact,100.0,positive_feature_matched,included_as_positive
TRAVANT128F92E3F71,Mariah Carey,Someday,mariah carey,someday,exact,100.0,positive_feature_matched,included_as_positive
TRBECNW128F426BE82,Mariah Carey,Touch My Body,mariah carey,touch my body,exact,100.0,positive_feature_matched,included_as_positive
TRATKVY128EF35F97A,Maroon 5,Harder To Breathe,maroon 5,harder to breathe,exact,100.0,positive_feature_matched,included_as_positive
TRBAMHJ128F9302A08,Maroon 5,She Will Be Loved,maroon 5,she will be loved,exact,100.0,positive_feature_matched,included_as_positive
TRAZOSB128F9302A07,Maroon 5,This Love,maroon 5,this love,exact,100.0,positive_feature_matched,included_as_positive
TRAWULX128F4291255,Martina McBride,God's Will,martina mcbride,gods will,exact,100.0,positive_feature_matched,included_as_positive
TRAAJYX128F4255568,Maxi Priest,Groovin' In The Midnight,maxi priest,groovin in the midnight,exact,100.0,positive_feature_matched,included_as_positive
TRAWGXD128F428A36B,Mindy McCready,Guys Do It All The Time,mindy mccready,guys do it all the time,exact,100.0,positive_feature_matched,included_as_positive
TRADODV128F4283EB6,Mobb Deep,Got It Twisted,mobb deep,got it twisted,exact,100.0,positive_feature_matched,included_as_positive
TRAWFTQ12903CAC1FA,Natasha Bedingfield,These Words,natasha bedingfield,these words,exact,100.0,positive_feature_matched,included_as_positive
TRBASRX12903C9FDA8,Nickelback,Savin' Me,nickelback,savin me,exact,100.0,positive_feature_matched,included_as_positive
TRAILFA128EF349FE5,Nine Inch Nails,Survivalism,nine inch nails,survivalism,exact,100.0,positive_feature_matched,included_as_positive
TRARQSD128F427E2AA,Pearl Jam,Wishlist,pearl jam,wishlist,exact,100.0,positive_feature_matched,included_as_positive
TRBGRIP128F147FCA6,Phil Collins,Everyday,phil collins,everyday,exact,100.0,positive_feature_matched,included_as_positive
TRBBOUN128F425A4E6,Rick Astley,Hopelessly,rick astley,hopelessly,exact,100.0,positive_feature_matched,included_as_positive
TRBECBM128F426AA34,Ricky Martin,She's All I Ever Had,ricky martin,shes all i ever had,exact,100.0,positive_feature_matched,included_as_positive
TRADDXS12903CEDB38,Rihanna,Don't Stop The Music,rihanna,dont stop the music,exact,100.0,positive_feature_matched,included_as_positive
TRANZLM128F92F741E,Rihanna,SOS,rihanna,sos,exact,100.0,positive_feature_matched,included_as_positive
TRAHEEY128F9335ECD,Sean Kingston,Face Drop,sean kingston,face drop,exact,100.0,positive_feature_matched,included_as_positive
TRBAHID128F4278EAF,Shakira,Objection (Tango),shakira,objection tango,exact,100.0,positive_feature_matched,included_as_positive
TRADNZM128F9300DF3,Shawn Colvin,Sunny Came Home,shawn colvin,sunny came home,exact,100.0,positive_feature_matched,included_as_positive
TRAEZLQ128F427F954,Snow Patrol,Chasing Cars,snow patrol,chasing cars,exact,100.0,positive_feature_matched,included_as_positive
TRALIEV128F92DE23C,Taylor Swift,Should've Said No,taylor swift,shouldve said no,exact,100.0,positive_feature_matched,included_as_positive
TRANHYE128F92DE232,Taylor Swift,The Way I Loved You,taylor swift,the way i loved you,exact,100.0,positive_feature_matched,included_as_positive
TRAYSMO128F9318E7C,The Fray,Absolute,the fray,absolute,exact,100.0,positive_feature_matched,included_as_positive
TRAYUXO12903C99CBF,The Fray,You Found Me,the fray,you found me,exact,100.0,positive_feature_matched,included_as_positive
TRAARHS128F931689D,The Killers,Spaceman,the killers,spaceman,exact,100.0,positive_feature_matched,included_as_positive
TRAOGAZ128F42B7FFC,The Killers,When You Were Young,the killers,when you were young,exact,100.0,positive_feature_matched,included_as_positive
TRBDCAH128EF362D31,The Pharcyde,Passin' Me By,the pharcyde,passin me by,exact,100.0,positive_feature_matched,included_as_positive
TRBGCAK128F425F3CC,The Prodigy,Firestarter,the prodigy,firestarter,exact,100.0,positive_feature_matched,included_as_positive
TRBHLDQ128F423EF10,The White Stripes,Blue Orchid,the white stripes,blue orchid,exact,100.0,positive_feature_matched,included_as_positive
TRAWPNC128F92EAA90,Toby Love featuring Rakim & Ken-Y,Tengo Un Amor,toby love featuring rakim keny,tengo un amor,exact,100.0,positive_feature_matched,included_as_positive
TRAJBGL128F145C7A8,Tom Cochrane,Washed Away,tom cochrane,washed away,exact,100.0,positive_feature_matched,included_as_positive
TRAMFJR128F92C1DB1,Toni Braxton,He Wasn't Man Enough,toni braxton,he wasnt man enough,exact,100.0,positive_feature_matched,included_as_positive
TRAZWGV128F425DA7C,Tracy Byrd,Just Let Me Be In Love,tracy byrd,just let me be in love,exact,100.0,positive_feature_matched,included_as_positive
TRAUCZX128F149D9AE,Tracy Byrd,Walking To Jerusalem,tracy byrd,walking to jerusalem,exact,100.0,positive_feature_matched,included_as_positive
TRALZBP128F4263E1A,Ty Herndon,A Man Holdin' On (To A Woman Lettin' Go),ty herndon,a man holdin on to a woman lettin go,exact,100.0,positive_feature_matched,included_as_positive
TRAEWXY128E0786183,U2,Vertigo,u2,vertigo,exact,100.0,positive_feature_matched,included_as_positive
TRAOGHG12903CA3B89,Usher,Moving Mountains,usher,moving mountains,exact,100.0,positive_feature_matched,included_as_positive
TRAJRIT128F92F4352,Usher,Trading Places,usher,trading places,exact,100.0,positive_feature_matched,included_as_positive
TRAUKYS128F14636CB,Wet Wet Wet,Love Is All Around,wet wet wet,love is all around,exact,100.0,positive_feature_matched,included_as_positive
TRAZDPO128E078ECE6,Aerosmith,Crazy,aerosmith,crazy,duplicate_msd_identity,,duplicate,deterministic_first_row_retained
TRBGPJP128E078ED20,Aerosmith,Crazy,aerosmith,crazy,duplicate_msd_identity,,duplicate,deterministic_first_row_retained
TRAEJFN128F4291C10,Andreas Dorau,So ist das nun mal,andreas dorau,so ist das nun mal,duplicate_msd_identity,,duplicate,deterministic_first_row_retained
TRAYTOM128F422B08C,Andreas Dorau,So Ist Das Nun Mal,andreas dorau,so ist das nun mal,duplicate_msd_identity,,duplicate,deterministic_first_row_retained
TRAHWNG128F932AFB7,Ayo,Down On My Knees,ayo,down on my knees,duplicate_msd_identity,,duplicate,deterministic_first_row_retained
TRATQQC128F423851A,Ayo,Down On My Knees,ayo,down on my knees,duplicate_msd_identity,,duplicate,deterministic_first_row_retained
TRAJVHI128F930EFAF,Beyoncé,Ring The Alarm,beyonce,ring the alarm,duplicate_msd_identity,,duplicate,deterministic_first_row_retained
TRAQHAK128F425EDD8,Beyoncé,Ring The Alarm,beyonce,ring the alarm,duplicate_msd_identity,,duplicate,deterministic_first_row_retained
TRAAGCZ128F93210FD,Black Eyed Peas,Let's Get It Started,black eyed peas,lets get it started,duplicate_msd_identity,,duplicate,deterministic_first_row_retained
TRAHKLC12903CC632E,Black Eyed Peas,Let's Get It Started,black eyed peas,lets get it started,duplicate_msd_identity,,duplicate,deterministic_first_row_retained
TRAGKLF128F9315B67,Carl Smith,Hey Joe,carl smith,hey joe,duplicate_msd_identity,,duplicate,deterministic_first_row_retained
TRATNHC12903CFA949,Carl Smith,Hey Joe,carl smith,hey joe,duplicate_msd_identity,,duplicate,deterministic_first_row_retained
TRATPRE128F931B12E,Carl Smith,Hey Joe,carl smith,hey joe,duplicate_msd_identity,,duplicate,deterministic_first_row_retained
TRAMQBK12903CDA356,DJ Icey,A Little Louder,dj icey,a little louder,duplicate_msd_identity,,duplicate,deterministic_first_row_retained
TRAYDTH12903CDA34B,DJ Icey,A Little Louder,dj icey,a little louder,duplicate_msd_identity,,duplicate,deterministic_first_row_retained
TRAFQFM128E078EC97,Eminem,The Way I Am,eminem,the way i am,duplicate_msd_identity,,duplicate,deterministic_first_row_retained
TRARFOC128F92ED401,Eminem,The Way I Am,eminem,the way i am,duplicate_msd_identity,,duplicate,deterministic_first_row_retained
TRATDKN128E078EDB3,Eminem,The Way I Am,eminem,the way i am,duplicate_msd_identity,,duplicate,deterministic_first_row_retained
TRAHCDJ128F9310F1C,Fever Ray,When I Grow Up,fever ray,when i grow up,duplicate_msd_identity,,duplicate,deterministic_first_row_retained
TRAQVJM128F9310F20,Fever Ray,When I Grow Up,fever ray,when i grow up,duplicate_msd_identity,,duplicate,deterministic_first_row_retained
TRAVMWQ128F934B098,Fever Ray,When I Grow Up,fever ray,when i grow up,duplicate_msd_identity,,duplicate,deterministic_first_row_retained
TRAQCKG128F421C277,In Extremo,Frei zu sein,in extremo,frei zu sein,duplicate_msd_identity,,duplicate,deterministic_first_row_retained
TRARXMV128F92F59C8,In Extremo,Frei zu sein,in extremo,frei zu sein,duplicate_msd_identity,,duplicate,deterministic_first_row_retained
TRABUSZ128F4257BAB,Ini Kamoze,Here Comes The Hotstepper,ini kamoze,here comes the hotstepper,duplicate_msd_identity,,duplicate,deterministic_first_row_retained
TRAWSJK128F42767F2,Ini Kamoze,Here Comes The Hotstepper,ini kamoze,here comes the hotstepper,duplicate_msd_identity,,duplicate,deterministic_first_row_retained
TRAAGVF128E0789785,Inspiral Carpets,Commercial Reign,inspiral carpets,commercial reign,duplicate_msd_identity,,duplicate,deterministic_first_row_retained
TRALDWN128EF33FB6E,Inspiral Carpets,Commercial Reign,inspiral carpets,commercial reign,duplicate_msd_identity,,duplicate,deterministic_first_row_retained
TRAWWVS128F1482068,John Mayall & The Bluesbreakers,Looking Back,john mayall the bluesbreakers,looking back,duplicate_msd_identity,,duplicate,deterministic_first_row_retained
TRBCUUU128F425CA73,John Mayall & The Bluesbreakers,Looking Back,john mayall the bluesbreakers,looking back,duplicate_msd_identity,,duplicate,deterministic_first_row_retained
TRAYXDI128F428CD9C,Kanye West,Skit #2 (Kanye West/Late Registration),kanye west,skit 2 kanye westlate registration,duplicate_msd_identity,,duplicate,deterministic_first_row_retained
TRBDBIU128E0791595,Kanye West,Skit #2 (Kanye West/Late Registration),kanye west,skit 2 kanye westlate registration,duplicate_msd_identity,,duplicate,deterministic_first_row_retained
TRALQGZ128F146F500,KT Tunstall,Boo Hoo,kt tunstall,boo hoo,duplicate_msd_identity,,duplicate,deterministic_first_row_retained
TRANAHT128E07895F8,KT Tunstall,Boo Hoo,kt tunstall,boo hoo,duplicate_msd_identity,,duplicate,deterministic_first_row_retained
TRAJXQL128F428CAF0,Los Del Rio,Macarena,los del rio,macarena,duplicate_msd_identity,,duplicate,deterministic_first_row_retained
TRBCVWC128F932F321,Los Del Rio,Macarena,los del rio,macarena,duplicate_msd_identity,,duplicate,deterministic_first_row_retained
TRALRYI128F147158D,Rance Allen Group,The Painter,rance allen group,the painter,duplicate_msd_identity,,duplicate,deterministic_first_row_retained
TRAZAVZ128F428ABFC,Rance Allen Group,The Painter,rance allen group,the painter,duplicate_msd_identity,,duplicate,deterministic_first_row_retained
TRABFQC128F4265349,Regina Belle,Quiet Time,regina belle,quiet time,duplicate_msd_identity,,duplicate,deterministic_first_row_retained
TRAWGDB128F42AD39D,Regina Belle,Quiet Time,regina belle,quiet time,duplicate_msd_identity,,duplicate,deterministic_first_row_retained
TRAEBXE128F933B4F5,Rihanna,Good Girl Gone Bad,rihanna,good girl gone bad,duplicate_msd_identity,,duplicate,deterministic_first_row_retained
TRBDHKL128F426BE45,Rihanna,Good Girl Gone Bad,rihanna,good girl gone bad,duplicate_msd_identity,,duplicate,deterministic_first_row_retained
TRAYUEL128F4290B28,Roger Sanchez,Lost,roger sanchez,lost,duplicate_msd_identity,,duplicate,deterministic_first_row_retained
TRBGXQP128F4290B22,Roger Sanchez,Lost,roger sanchez,lost,duplicate_msd_identity,,duplicate,deterministic_first_row_retained
TRALDUE128F9312AF2,Snow Patrol,Just Say Yes,snow patrol,just say yes,duplicate_msd_identity,,duplicate,deterministic_first_row_retained
TRAMCJI128F93335AF,Snow Patrol,Just Say Yes,snow patrol,just say yes,duplicate_msd_identity,,duplicate,deterministic_first_row_retained
TRALDDK128F9300AC5,Thrice,The Earth Will Shake,thrice,the earth will shake,duplicate_msd_identity,,duplicate,deterministic_first_row_retained
TRANCJG128F14528B4,Thrice,The Earth Will Shake,thrice,the earth will shake,duplicate_msd_identity,,duplicate,deterministic_first_row_retained
TRACQIR128F42BAA06,Trick Trick / Eminem,Welcome 2 Detroit,trick trick eminem,welcome 2 detroit,duplicate_msd_identity,,duplicate,deterministic_first_row_retained
TRASJNR128F14795F7,Trick Trick / Eminem,Welcome 2 Detroit,trick trick eminem,welcome 2 detroit,duplicate_msd_identity,,duplicate,deterministic_first_row_retained
TRAAIYR12903CD290D,Wolfmother,White Feather,wolfmother,white feather,duplicate_msd_identity,,duplicate,deterministic_first_row_retained
TRAGRRP12903CD2911,Wolfmother,White Feather,wolfmother,white feather,duplicate_msd_identity,,duplicate,deterministic_first_row_retained
