protocol,model,feature_set,train_rows,score_kind_x,selected_C,fit_seconds,train_accuracy,selected_parameters,cv_accuracy_mean,cv_accuracy_std,cv_precision_mean,cv_precision_std,cv_recall_mean,cv_recall_std,cv_f1_mean,cv_f1_std,cv_roc_auc_mean,cv_roc_auc_std,cv_average_precision_mean,cv_average_precision_std,cv_log_loss_mean,cv_log_loss_std,cv_brier_score_mean,cv_brier_score_std,cv_tn,cv_fp,cv_fn,cv_tp,artifact,run_id,selected_before_test,test_rows,score_kind_y,accuracy,precision,recall,f1,roc_auc,average_precision,tn,fp,fn,tp,log_loss,brier_score
stratified_partition,decision_tree,audio_only,3000,probability,,13.051934899995103,0.7083333333333334,"{""model__max_depth"": 8, ""model__min_samples_leaf"": 20}",0.6519999999999999,0.0125499003980111,0.6228445448592383,0.0128563480740343,0.772,0.0229249984853991,0.6892404590281859,0.0108388355715724,0.6899788888888888,0.0134935269117647,0.6331431864057651,0.0149265057735658,0.7335521200943733,0.0691938743102285,0.2187394527410179,0.0046389539252981,798,702,342,1158,models/decision_tree_baseline_v1/stratified_partition__decision_tree__audio_only.joblib,decision_tree_baseline_v1,False,1000,probability,0.651,0.6208,0.776,0.6897777777777778,0.7007840000000001,0.633515122439538,263,237,112,388,0.8118301570010291,0.2154158998250523
stratified_partition,decision_tree,audio_artist_score,3000,probability,,13.843117499985963,0.83,"{""model__max_depth"": 8, ""model__min_samples_leaf"": 20}",0.8096666666666665,0.0164738850575354,0.8650574247520784,0.0594170526274201,0.7406666666666666,0.0391152144312158,0.79576623641108,0.0083080989154506,0.8716822222222224,0.0082381250114151,0.8641282197544797,0.0151579967700211,0.7503960882239653,0.2656880430048995,0.1381671027239226,0.0079773425796635,1318,182,389,1111,models/decision_tree_baseline_v1/stratified_partition__decision_tree__audio_artist_score.joblib,decision_tree_baseline_v1,False,1000,probability,0.807,0.8866498740554156,0.704,0.7848383500557413,0.861448,0.8624286716003318,455,45,148,352,0.7721392855993571,0.14204582021818496
artist_disjoint_partition,decision_tree,audio_only,3024,probability,,15.48117790001561,0.7129629629629629,"{""model__max_depth"": 8, ""model__min_samples_leaf"": 20}",0.6574118989261961,0.0131345867814629,0.6286487110570907,0.0122690041675366,0.7744246135139831,0.0181439185867964,0.6938521015859269,0.0110533873036987,0.6902617390358029,0.0182351893241106,0.6336412855464203,0.0218660613266161,0.761649710505446,0.1338144641564909,0.220340051455627,0.003387759230476,814,694,342,1174,models/decision_tree_baseline_v1/artist_disjoint_partition__decision_tree__audio_only.joblib,decision_tree_baseline_v1,False,976,probability,0.6290983606557377,0.5968253968253968,0.7768595041322314,0.6750448833034112,0.6788659880400456,0.6148501953304254,238,254,108,376,0.8052791808316907,0.22605160361612697
artist_disjoint_partition,decision_tree,audio_artist_score,3024,probability,,16.710301899991464,0.8287037037037037,"{""model__max_depth"": 8, ""model__min_samples_leaf"": 20}",0.8187754657464541,0.0095047967175791,0.8608189333519254,0.0407153468346217,0.7651380927566441,0.0371352083359122,0.8087866357070773,0.0095026796930251,0.8795495240199867,0.0071225105120984,0.8722115526952992,0.0084766170505316,0.8142783705960834,0.3677304663574963,0.1346092924858547,0.0044868510828712,1316,192,356,1160,models/decision_tree_baseline_v1/artist_disjoint_partition__decision_tree__audio_artist_score.joblib,decision_tree_baseline_v1,True,976,probability,0.7920081967213115,0.8171557562076749,0.7479338842975206,0.7810140237324703,0.8746661459383189,0.8666555634476332,411,81,122,362,0.6968727697079119,0.13799596963632202
stratified_partition,svm_linear,audio_only,3000,decision_score,0.1,3.7887303000024986,0.6193333333333333,,0.6210000000000001,0.0178574603146384,0.6042222513758281,0.0176309178680761,0.704,0.0393982515122463,0.6497566620630304,0.0197031579895155,0.6645222222222222,0.0203064819670109,0.6246777310322595,0.0193797937598157,,,,,807,693,444,1056,models/linear_svm_baseline_v1/stratified_partition__svm_linear__audio_only.joblib,linear_svm_baseline_v1,False,1000,decision_score,0.631,0.612736660929432,0.712,0.6586493987049029,0.669284,0.6118603637750132,275,225,144,356,,
stratified_partition,svm_linear,audio_artist_score,3000,decision_score,0.1,4.414050999999745,0.8243333333333334,,0.8243333333333333,0.016691647944739,0.91768508968949,0.0205189757082999,0.7126666666666667,0.0230217288664426,0.802160207148979,0.0199083381737383,0.8724133333333333,0.0154844274620394,0.875503477162547,0.0178023635818967,,,,,1404,96,431,1069,models/linear_svm_baseline_v1/stratified_partition__svm_linear__audio_artist_score.joblib,linear_svm_baseline_v1,False,1000,decision_score,0.813,0.931129476584022,0.676,0.7833140208574739,0.864108,0.8696267642025814,475,25,162,338,,
artist_disjoint_partition,svm_linear,audio_only,3024,decision_score,0.1,6.425144100008765,0.6220238095238095,,0.6230103955609287,0.0283966754272062,0.6050454149462186,0.0239893806678948,0.713705054715998,0.0342358280445926,0.6548433322451236,0.027815802719996,0.6664567053921712,0.022601461753512,0.6231361103093243,0.0194028489961068,,,,,802,706,434,1082,models/linear_svm_baseline_v1/artist_disjoint_partition__svm_linear__audio_only.joblib,linear_svm_baseline_v1,False,976,decision_score,0.6137295081967213,0.5887230514096186,0.7334710743801653,0.6531738730450782,0.6551056574615334,0.6023305274770728,244,248,129,355,,
artist_disjoint_partition,svm_linear,audio_artist_score,3024,decision_score,1.0,6.692056499974569,0.8234126984126984,,0.8234052158978692,0.0109546876294411,0.9241350526526232,0.0116005066471021,0.7057886051763071,0.0220618124788104,0.8001532336598499,0.0145947618341512,0.8705373125582865,0.0148913180828678,0.8745344095004915,0.0172753853529911,,,,,1420,88,446,1070,models/linear_svm_baseline_v1/artist_disjoint_partition__svm_linear__audio_artist_score.joblib,linear_svm_baseline_v1,False,976,decision_score,0.8155737704918032,0.9108108108108108,0.6962809917355371,0.7892271662763466,0.8668195256332727,0.8696129079612082,459,33,147,337,,
stratified_partition,dummy,prior,3000,probability,,0.2133096999896224,0.5,{},0.5,0.0,0.0,0.0,0.0,0.0,0.0,0.0,0.5,0.0,0.5,0.0,0.6931471805599453,0.0,0.25,0.0,1500,0,1500,0,models/logistic_regression_baseline_v2/stratified_partition__dummy__prior.joblib,logistic_regression_baseline_v2,False,1000,probability,0.5,0.0,0.0,0.0,0.5,0.5,500,0,500,0,0.6931471805599454,0.25
stratified_partition,logistic_regression,audio_only,3000,probability,1.0,6.03071879997151,0.6173333333333333,"{""model__C"": 1.0}",0.6186666666666667,0.0178496809806537,0.6042670419819063,0.0183006097023813,0.6906666666666667,0.0393982515122463,0.643987705565427,0.019427425276278,0.6643088888888888,0.0202837333719947,0.6243785854980406,0.0199859475692674,0.6380135185507909,0.0094910117249931,0.225127010604053,0.0043558530787143,820,680,464,1036,models/logistic_regression_baseline_v2/stratified_partition__logistic_regression__audio_only.joblib,logistic_regression_baseline_v2,False,1000,probability,0.628,0.6126760563380281,0.696,0.651685393258427,0.669856,0.6120373406838184,280,220,152,348,0.6372514833633893,0.2245622087606868
stratified_partition,logistic_regression,audio_artist_score,3000,probability,0.01,6.823160200001439,0.8216666666666667,"{""model__C"": 0.01}",0.8216666666666667,0.0114867072934084,0.8994372911482611,0.015751218579605,0.7246666666666667,0.0258843582110895,0.8023396453141756,0.015201510378365,0.8726844444444444,0.0149830575099236,0.8757189953622981,0.0174851363789994,0.4679355270640551,0.0194410178557515,0.147914809111999,0.0067334508032254,1378,122,413,1087,models/logistic_regression_baseline_v2/stratified_partition__logistic_regression__audio_artist_score.joblib,logistic_regression_baseline_v2,False,1000,probability,0.806,0.9026315789473685,0.686,0.7795454545454545,0.8643120000000001,0.8697383253747308,463,37,157,343,0.4727075446513433,0.14987865899785016
artist_disjoint_partition,dummy,prior,3024,probability,,2.718415899988031,0.5013227513227513,{},0.5013228631713261,0.0004531700383009,0.5013228631713261,0.0004531700383009,1.0,0.0,0.6678414118265688,0.0004021525996092,0.5,0.0,0.5013228631713261,0.0004531700383009,0.6931438654759468,2.48205792519615e-06,0.2499983424593728,1.2410258022912437e-06,0,1508,0,1516,models/logistic_regression_baseline_v2/artist_disjoint_partition__dummy__prior.joblib,logistic_regression_baseline_v2,False,976,probability,0.4959016393442623,0.4959016393442623,1.0,0.663013698630137,0.5,0.4959016393442623,0,492,0,484,0.6931723644128163,0.2500125918950188
artist_disjoint_partition,logistic_regression,audio_only,3024,probability,1.0,8.700045700010378,0.6216931216931217,"{""model__C"": 1.0}",0.6190434407679178,0.0246334854750405,0.6043174579217965,0.0221518034351015,0.6959028139656069,0.0279430123072495,0.6467979956856866,0.0233047329728094,0.666429719252599,0.0230103407597908,0.6225969809859351,0.0196386379474244,0.6373017207496993,0.0139291847525985,0.2248130776952398,0.0065379441034691,817,691,461,1055,models/logistic_regression_baseline_v2/artist_disjoint_partition__logistic_regression__audio_only.joblib,logistic_regression_baseline_v2,False,976,probability,0.6086065573770492,0.5867346938775511,0.7128099173553719,0.6436567164179104,0.6549460794194719,0.6018391462134294,249,243,139,345,0.6423295221481606,0.22724914110637784
artist_disjoint_partition,logistic_regression,audio_artist_score,3024,probability,100.0,9.048986299982062,0.8227513227513228,"{""model__C"": 100.0}",0.8204300074799773,0.0106316634231777,0.9133453110793156,0.0063747146807104,0.7090889352093104,0.0217798618138569,0.798213488354018,0.014465192269202,0.8704717283498746,0.0150216130342198,0.8745427676130445,0.017695012162273,0.4343030242808395,0.0276265353938963,0.1370014160056274,0.0093435282823369,1406,102,441,1075,models/logistic_regression_baseline_v2/artist_disjoint_partition__logistic_regression__audio_artist_score.joblib,logistic_regression_baseline_v2,False,976,probability,0.8145491803278688,0.9083557951482479,0.6962809917355371,0.7883040935672515,0.8667943291003158,0.8698010952758088,458,34,147,337,0.4273687539762195,0.1359682554375825
stratified_partition,neural_network,audio_only,3000,probability,,71.41352380000171,0.6756666666666666,"{""model__alpha"": 0.01}",0.6663333333333334,0.0230759615184286,0.6294688770103807,0.0189038874428967,0.8093333333333333,0.0331997322613033,0.7079776037669259,0.0212825730636775,0.7130599999999999,0.0184402548789327,0.6599968980586512,0.0182622611913732,0.5988141343734978,0.0226937877736458,0.2078809182629714,0.0078576462342682,785,715,286,1214,models/neural_network_baseline_v1/stratified_partition__neural_network__audio_only.joblib,neural_network_baseline_v1,False,1000,probability,0.668,0.6288343558282209,0.82,0.7118055555555556,0.721352,0.6552492114572522,258,242,90,410,0.5848512895164716,0.2037530459272337
stratified_partition,neural_network,audio_artist_score,3000,probability,,63.32924199997797,0.8286666666666667,"{""model__alpha"": 0.01}",0.8256666666666668,0.0158377186909394,0.9162068888745034,0.0215335845564326,0.7173333333333334,0.0296647939483826,0.8042811238270048,0.0200714343924061,0.8832622222222224,0.0114988958138715,0.8750986424833076,0.0221611280568731,0.4083315379169723,0.0217658120186593,0.1283687312499411,0.0079425536225405,1401,99,424,1076,models/neural_network_baseline_v1/stratified_partition__neural_network__audio_artist_score.joblib,neural_network_baseline_v1,False,1000,probability,0.814,0.9266304347826086,0.682,0.7857142857142857,0.881216,0.8802933175734753,473,27,159,341,0.42310897875107895,0.13104480505197713
artist_disjoint_partition,neural_network,audio_only,3024,probability,,82.80156640001223,0.6904761904761905,"{""model__alpha"": 0.01}",0.6749500759829145,0.0215580204794379,0.6387861262327419,0.0153077555137671,0.8087437033177002,0.0388283700385379,0.7135980069911689,0.0225931924066412,0.7226525029491644,0.019388933809102,0.6708536557888749,0.0273450060517389,0.6014137346830538,0.0286996350662359,0.2056242529639534,0.0062963209293716,815,693,290,1226,models/neural_network_baseline_v1/artist_disjoint_partition__neural_network__audio_only.joblib,neural_network_baseline_v1,False,976,probability,0.6700819672131147,0.6273584905660378,0.8243801652892562,0.7125,0.7227793455620507,0.6673385294669948,255,237,85,399,0.5901793127054404,0.20644772491506494
artist_disjoint_partition,neural_network,audio_artist_score,3024,probability,,73.87165200000163,0.8257275132275133,"{""model__alpha"": 0.0001}",0.8250608468432634,0.0081819821443452,0.9147556571408544,0.0168625109358627,0.7183276880319611,0.0186404039891323,0.8044997424273458,0.0104291392466849,0.8847631519462096,0.0080043653472053,0.873430383297096,0.0129210866459539,0.4084087751640343,0.0152324821725202,0.1281541201463433,0.0044007012181415,1406,102,427,1089,models/neural_network_baseline_v1/artist_disjoint_partition__neural_network__audio_artist_score.joblib,neural_network_baseline_v1,False,976,probability,0.8206967213114754,0.9164420485175202,0.7024793388429752,0.7953216374269005,0.8863006450312437,0.8845339773231665,461,31,144,340,0.40185270008423973,0.12710510993647056
stratified_partition,random_forest,audio_only,3000,probability,,244.4184149999928,0.682,"{""model__max_depth"": 4, ""model__max_features"": ""sqrt"", ""model__min_samples_leaf"": 5}",0.6713333333333333,0.0175356779167501,0.6254420817057005,0.0120037834443276,0.8540000000000001,0.0262889922041738,0.7220095880773879,0.016479956835936,0.7196788888888889,0.0124661519501586,0.6752395395407366,0.0152060138761035,0.5990018896483039,0.008564716376355,0.2081735867140826,0.0038136477026335,733,767,219,1281,models/random_forest_baseline_v1/stratified_partition__random_forest__audio_only.joblib,random_forest_baseline_v1,False,1000,probability,0.664,0.6205882352941177,0.844,0.7152542372881356,0.722986,0.6592024467297537,242,258,78,422,0.6002248745605305,0.20860149124787583
stratified_partition,random_forest,audio_artist_score,3000,probability,,236.2128113999788,0.827,"{""model__max_depth"": 4, ""model__max_features"": ""sqrt"", ""model__min_samples_leaf"": 5}",0.8266666666666668,0.0168737139427638,0.9176315018574788,0.0248036595737728,0.718,0.0189443629845104,0.8055279547405755,0.0188531807057829,0.8864866666666666,0.0129373279197716,0.8788795895392314,0.0217811463105187,0.4061105586639312,0.0227159839832102,0.1275368843680336,0.0087376534280799,1403,97,423,1077,models/random_forest_baseline_v1/stratified_partition__random_forest__audio_artist_score.joblib,random_forest_baseline_v1,False,1000,probability,0.816,0.9388888888888889,0.676,0.786046511627907,0.8794839999999999,0.8733878024997919,478,22,162,338,0.41059727976139676,0.13068916194384897
artist_disjoint_partition,random_forest,audio_only,3024,probability,,248.51296950000688,0.7371031746031746,"{""model__max_depth"": 8, ""model__max_features"": ""sqrt"", ""model__min_samples_leaf"": 5}",0.6712962217353583,0.0189309667465943,0.6309961840681352,0.0166839938274311,0.8304694285217995,0.0145733460407689,0.7170444900165955,0.014263315393839,0.7225656569718171,0.01397129231203,0.673524134805738,0.0139063743909983,0.5971059368001512,0.008417003274711,0.2072872078495373,0.0038383984773911,771,737,257,1259,models/random_forest_baseline_v1/artist_disjoint_partition__random_forest__audio_only.joblib,random_forest_baseline_v1,False,976,probability,0.6454918032786885,0.6068111455108359,0.8099173553719008,0.6938053097345133,0.7078881945844252,0.6460816442407815,238,254,92,392,0.5966852336764186,0.2091612955896876
artist_disjoint_partition,random_forest,audio_artist_score,3024,probability,,239.57762029999867,0.8290343915343915,"{""model__max_depth"": 8, ""model__max_features"": ""sqrt"", ""model__min_samples_leaf"": 5}",0.8240658292198877,0.0115267391408153,0.919305107273615,0.0103378000869215,0.7117226854264375,0.0276922969551508,0.8019886097147187,0.0163588427290815,0.8837402674604208,0.0111645905148248,0.8815977167322512,0.0123345471271048,0.4089773919885419,0.0151295068159589,0.1291412423978608,0.0055170780775946,1413,95,437,1079,models/random_forest_baseline_v1/artist_disjoint_partition__random_forest__audio_artist_score.joblib,random_forest_baseline_v1,False,976,probability,0.8247950819672131,0.9264305177111717,0.7024793388429752,0.799059929494712,0.8767133642410804,0.8637279732142691,465,27,144,340,0.4108056421178363,0.12954698606584647
stratified_partition,svm_polynomial,audio_only,3000,decision_score,1.0,60.37276859997655,0.669,"{""model__C"": 1.0, ""model__coef0"": 1.0, ""model__degree"": 2, ""model__gamma"": ""scale""}",0.6646666666666666,0.0156967795706281,0.6146284272718607,0.0102279976669587,0.8826666666666666,0.0230217288664426,0.7246230135004957,0.0142618409467445,0.7067422222222224,0.0116971358739787,0.649592548700842,0.0178591170809407,,,,,670,830,176,1324,models/svm_polynomial_baseline_v1/stratified_partition__svm_polynomial__audio_only.joblib,svm_polynomial_baseline_v1,False,1000,decision_score,0.662,0.6128133704735376,0.88,0.722495894909688,0.724776,0.6713068654369265,222,278,60,440,,
stratified_partition,svm_polynomial,audio_artist_score,3000,decision_score,0.1,101.92143380001652,0.8243333333333334,"{""model__C"": 0.1, ""model__coef0"": 1.0, ""model__degree"": 3, ""model__gamma"": 0.01}",0.8243333333333333,0.016691647944739,0.91768508968949,0.0205189757082999,0.7126666666666667,0.0230217288664426,0.802160207148979,0.0199083381737383,0.8778488888888889,0.0140547926890034,0.879173455435085,0.0167935640395782,,,,,1404,96,431,1069,models/svm_polynomial_baseline_v1/stratified_partition__svm_polynomial__audio_artist_score.joblib,svm_polynomial_baseline_v1,False,1000,decision_score,0.813,0.931129476584022,0.676,0.7833140208574739,0.8752,0.8778539201344474,475,25,162,338,,
artist_disjoint_partition,svm_polynomial,audio_only,3024,decision_score,1.0,64.54816790000768,0.6676587301587301,"{""model__C"": 1.0, ""model__coef0"": 1.0, ""model__degree"": 2, ""model__gamma"": ""scale""}",0.6636978345637092,0.0250236074894942,0.6157416839645489,0.0189767849939873,0.8766458224769845,0.0235426445550776,0.7233178011222405,0.0195984785818272,0.7106086938625229,0.0188352913874005,0.6525799415846808,0.0094966931081777,,,,,678,830,187,1329,models/svm_polynomial_baseline_v1/artist_disjoint_partition__svm_polynomial__audio_only.joblib,svm_polynomial_baseline_v1,False,976,decision_score,0.6670081967213115,0.6153846153846154,0.8760330578512396,0.7229326513213982,0.710025700463616,0.6617178562717431,227,265,60,424,,
artist_disjoint_partition,svm_polynomial,audio_artist_score,3024,decision_score,0.1,89.27250240001013,0.8234126984126984,"{""model__C"": 0.1, ""model__coef0"": 1.0, ""model__degree"": 3, ""model__gamma"": 0.01}",0.8234052158978692,0.0109546876294411,0.9241350526526232,0.0116005066471021,0.7057886051763071,0.0220618124788104,0.8001532336598499,0.0145947618341512,0.8758820818148012,0.014731795511031,0.8783710198665216,0.0173528862854702,,,,,1420,88,446,1070,models/svm_polynomial_baseline_v1/artist_disjoint_partition__svm_polynomial__audio_artist_score.joblib,svm_polynomial_baseline_v1,False,976,decision_score,0.8155737704918032,0.9108108108108108,0.6962809917355371,0.7892271662763466,0.8775532486729825,0.8799128774921827,459,33,147,337,,
stratified_partition,svm_rbf,audio_only,3000,decision_score,10.0,134.11025709999376,0.676,"{""model__C"": 10.0, ""model__gamma"": 0.1}",0.67,0.0175989267349523,0.6243084917101576,0.014444335116782,0.8546666666666667,0.0198046010366839,0.721455942363011,0.0139788634598296,0.7196688888888889,0.0122130404905859,0.6632949694142596,0.0182083157697548,,,,,728,772,218,1282,models/svm_rbf_baseline_v1/stratified_partition__svm_rbf__audio_only.joblib,svm_rbf_baseline_v1,False,1000,decision_score,0.668,0.6183098591549295,0.878,0.7256198347107438,0.73078,0.6748056069220627,229,271,61,439,,
stratified_partition,svm_rbf,audio_artist_score,3000,decision_score,0.1,178.17876700000488,0.8256666666666667,"{""model__C"": 0.1, ""model__gamma"": 0.01}",0.826,0.0153929998520251,0.9216730127645256,0.0187715936797228,0.7126666666666667,0.0230217288664426,0.8036539400168827,0.0187154842467963,0.8707955555555555,0.0140823604748355,0.8671268900199269,0.0173308390824439,,,,,1409,91,431,1069,models/svm_rbf_baseline_v1/stratified_partition__svm_rbf__audio_artist_score.joblib,svm_rbf_baseline_v1,False,1000,decision_score,0.813,0.931129476584022,0.676,0.7833140208574739,0.869292,0.87365752606225,475,25,162,338,,
artist_disjoint_partition,svm_rbf,audio_only,3024,decision_score,0.1,139.48360539998976,0.6769179894179894,"{""model__C"": 0.1, ""model__gamma"": 1.0}",0.6709700181336616,0.0138351856962003,0.6218455363288873,0.010130470433865,0.8773189161021365,0.0212281369959337,0.7277378181287725,0.0118989156002955,0.7201517536458863,0.0167163302767182,0.6592775172117349,0.0213644061001602,,,,,699,809,186,1330,models/svm_rbf_baseline_v1/artist_disjoint_partition__svm_rbf__audio_only.joblib,svm_rbf_baseline_v1,False,976,decision_score,0.6557377049180327,0.6174603174603175,0.8037190082644629,0.6983842010771992,0.7142293220452867,0.6590563616813688,251,241,95,389,,
artist_disjoint_partition,svm_rbf,audio_artist_score,3024,decision_score,0.1,208.8491509000014,0.8240740740740741,"{""model__C"": 0.1, ""model__gamma"": 0.01}",0.8237363417256838,0.0119746100034666,0.9227657824332536,0.0123028929607822,0.7077666319263505,0.0245484881407311,0.8008655490697079,0.0160231024307103,0.8738963188503377,0.0154620861454895,0.878906014384188,0.0160260188652753,,,,,1418,90,443,1073,models/svm_rbf_baseline_v1/artist_disjoint_partition__svm_rbf__audio_artist_score.joblib,svm_rbf_baseline_v1,False,976,decision_score,0.8176229508196722,0.9157608695652174,0.6962809917355371,0.7910798122065728,0.8724131559497412,0.876383128267017,461,31,147,337,,
